<?xml version="1.0" encoding="UTF-8"?>
<modification>
<name>UniShop2 fix</name>
<code>UniShop2 fix</code>
<version>1.0</version>
<author>Unishop2</author>
	<file path="admin/controller/marketplace/install.php">
		<operation>
			<search><![CDATA['image/catalog/']]></search>
			<add position="replace" error="skip"><![CDATA[
			'image/catalog/',
			'catalog/controller/checkout/',
			'catalog/controller/information/',
			'catalog/controller/product/',
			]]></add>
		</operation>
	</file>
</modification>