<?xml version="1.0" encoding="UTF-8"?>
<modification>
<name>UniShop2 template</name>
<code>UniShop2 template</code>
<version>1.7.2.0</version>
<author>UniShop2</author>
	<file path="catalog/controller/common/{column_left,column_right}.php">
		<operation>
			<search><![CDATA[return $this->load->view]]></search>
			<add position="before" error="skip"><![CDATA[
			$data['route'] = $route;
			
			$uniset = $this->config->get('config_unishop2');
			$menu_schema = isset($uniset['menu_schema']) ? $uniset['menu_schema'] : [];
			$data['menu_expanded'] = ($uniset['menu_type'] == 1 && in_array($route, $menu_schema)) ? true : false;
			]]></add>
		</operation>
	</file>
	<file path="catalog/controller/common/header.php">
		<operation>
			<search><![CDATA[return $this->load->view]]></search>
			<add position="before" error="skip"><![CDATA[
			$data = array_merge($data, $this->load->controller('extension/module/uni_new_data', ['type' => 'header']));
			]]></add>
		</operation>		
	</file>
	<file path="catalog/controller/common/menu.php">	
		<operation>
			<search><![CDATA[public function index() {]]></search>
			<add position="after" error="skip"><![CDATA[
				$uniset = $this->config->get('config_unishop2');
				$lang_id = (int)$this->config->get('config_language_id');
				$cat_arr = isset($this->request->get['path']) ? explode('_', (string)$this->request->get['path']) : [];
				$cat_id = !isset($this->request->get['product_id']) && isset($uniset['menu_links_disabled']) ? (int)array_pop($cat_arr) : '';
				$third_level_limit = isset($uniset['menu_3rd_level_limit']) ? $uniset['menu_3rd_level_limit'] : 0;
			]]></add>
		</operation>
		<operation>
			<search><![CDATA[$category['name'],]]></search>
			<add position="after" error="skip"><![CDATA[
			'icon' 		=> isset($uniset[$lang_id]['main_category_icons'][$category['category_id']]) ? $uniset[$lang_id]['main_category_icons'][$category['category_id']] : '',
			'disabled'	=> $category['category_id'] == $cat_id ? true : false,
			]]></add>
		</operation>
		<operation>
			<search><![CDATA[// Level 1]]></search>
			<add position="replace" offset="-6" error="skip"><![CDATA[		
					$children2 = $this->model_catalog_category->getCategories($child['category_id']);
					
					$children_data2 = [];
					$child_count = 0;
					$more = '';
					$show_more = $third_level_limit && $third_level_limit < count($children2) ? true : false;
			
					foreach ($children2 as $child2) {
						if(isset($uniset['menu_links_show']) ? $child2['top'] : 1) {
							$children_data2[] = array(
								'name'  		=> $child2['name'],
								'category_id'	=> $child2['category_id'],
								'disabled'		=> $child2['category_id'] == $cat_id ? true : false,
								'href'  		=> $this->url->link('product/category', 'path='.$category['category_id'].'_'.$child['category_id'].'_'.$child2['category_id']),
							);
							
							$child_count++;
						}
						
						if($show_more && $third_level_limit == $child_count) {
							$more = count($children2);
							break;
						}
					}
			
					if(isset($uniset['menu_links_show']) ? $child['top'] : 1) {
						$children_data[] = array(
							'name'       	=> $child['name'],
							'category_id'	=> $child['category_id'],
							'disabled'		=> $child['category_id'] == $cat_id ? true : false,
							'children'   	=> $children_data2,
							'href'        	=> $this->url->link('product/category', 'path='.$category['category_id'].'_'.$child['category_id']),
							'more'			=> $more
						);
					}
				}
				
				// Level 1
			]]></add>
		</operation>
		<operation>
			<search><![CDATA[return $this->load->view]]></search>
			<add position="before" error="skip"><![CDATA[
			$data = array_merge($data, $this->load->controller('extension/module/uni_new_data', ['type' => 'menu']));
			
			if($data['additional_link']) {
				$data['categories'] = array_merge($data['categories'], $data['additional_link']);
			}
			]]></add>
		</operation>
	</file>
	<file path="catalog/controller/information/contact.php">
		<operation>
			<search><![CDATA[$this->response->setOutput($this->load->view('information/contact', $data));]]></search>
			<add position="before" error="skip"><![CDATA[
			$this->load->language('extension/module/uni_othertext');
			$data = array_merge($data, $this->load->controller('extension/module/uni_new_data', ['type' => 'contact']));
			]]></add>
		</operation>
	</file>
	<file path="catalog/controller/checkout/cart.php">
		<operation>
			<search><![CDATA[public function index() {]]></search>
			<add position="after" error="skip"><![CDATA[
			$uniset = $this->config->get('config_unishop2');
			]]></add>
		</operation>
		<operation>
			<search><![CDATA['checkout/checkout']]></search>
			<add position="replace" error="skip"><![CDATA[isset($uniset['show_checkout']) ? 'checkout/uni_checkout' : 'checkout/checkout'
			]]></add>
		</operation>
		<operation>
			<search><![CDATA[if ($product_info) {]]></search>
			<add position="after" error="skip"><![CDATA[
			$this->load->model('tool/image');
			$success_image = $product_info['image'] ? $this->model_tool_image->resize($product_info['image'], 100, 100) : '';
			]]></add>
		</operation>
		<operation>
			<search><![CDATA[$json['redirect']]]></search>
			<add position="before" offset="1" error="skip"><![CDATA[
			$uniset = $this->config->get('config_unishop2');
			$this->load->language('extension/module/uni_othertext');
			$json['success'] = sprintf($this->language->get('text_success_new'), $success_image, $json['success'], $this->url->link(isset($uniset['show_checkout']) ? 'checkout/uni_checkout' : 'checkout/cart', '', true));
			
			$product_info['quantity'] = $quantity;
			$product_info['option'] = $option;
			$product_info['options'] = $product_options;
			$product_info['type'] = 'cart';
			
			$json['products'] = $this->load->controller('extension/module/uni_new_data', $product_info);
			]]></add>
		</operation>
	</file>
	<file path="catalog/controller/common/cart.php">
		<operation>
			<search><![CDATA[$data['text_items']]]></search>
			<add position="before" error="skip"><![CDATA[
			$data['items'] = $this->cart->countProducts() + (isset($this->session->data['vouchers']) ? count($this->session->data['vouchers']) : 0);
			]]></add>
		</operation>
		<operation>
			<search><![CDATA[$product['cart_id'],]]></search>
			<add position="after" error="skip"><![CDATA['product_id' => $product['product_id'],]]></add>
		</operation>
		<operation>
			<search><![CDATA[public function index() {]]></search>
			<add position="after" error="skip"><![CDATA[
			$uniset = $this->config->get('config_unishop2');
			$data['uni_checkout_href'] = isset($uniset['show_checkout']) ? $this->url->link('checkout/uni_checkout', '', true) : '';
			]]></add>
		</operation>
	</file>
	<file path="catalog/controller/common/footer.php">
		<operation>
			<search><![CDATA[return $this->load->view]]></search>
			<add position="before" error="skip"><![CDATA[
			$data = array_merge($data, $this->load->controller('extension/module/uni_new_data', ['type' => 'footer']));
			]]></add>
		</operation>
	</file>
	<file path="catalog/controller/extension/module/{carousel,banner}.php">	
		<operation>
			<search><![CDATA[$this->document->addStyle]]></search>
			<add position="replace" error="skip"><![CDATA[//$this->document->addStyle]]></add>
		</operation>
		<operation>
			<search><![CDATA[$this->document->addScript]]></search>
			<add position="replace" error="skip"><![CDATA[//$this->document->addScript]]></add>
		</operation>
	</file>
	<file path="catalog/controller/common/search.php">	
		<operation>
			<search><![CDATA[$this->load->language('common/search');]]></search>
			<add position="after" error="skip"><![CDATA[
			$uniset = $this->config->get('config_unishop2');
			$this->load->language('extension/module/uni_othertext');
			
			$data['search_mob_hide'] = isset($uniset['search_mob_hide']) ? true : false;
			
			$data['categories'] = [];
			
			if(!isset($uniset['search']['category'])) {
				$this->load->model('catalog/category');
				$categories = $this->model_catalog_category->getCategories(0);
				foreach ($categories as $category) {
					$data['categories'][] = array(
						'category_id' => $category['category_id'],
						'name'        => $category['name'],
					);
				}
			}
			]]></add>
		</operation>
	</file>
	<file path="catalog/controller/information/information.php">
		<operation>
			<search><![CDATA[public function index() {]]></search>
			<add position="after" error="skip"><![CDATA[
			$uniset = $this->config->get('config_unishop2');
			$route = isset($this->request->get['route']) ? $this->request->get['route'] : '';
			$menu_schema = isset($uniset['menu_schema']) ? $uniset['menu_schema'] : [];
			$data['menu_expanded'] = ($uniset['menu_type'] == 1 && in_array($route, $menu_schema)) ? true : false;
			$data['shop_name'] = html_entity_decode($this->config->get('config_name'), ENT_QUOTES, 'UTF-8');
			]]></add>
		</operation>
	</file>
	<file path="catalog/controller/extension/module/category.php">	
		<operation>
			<search><![CDATA[if ($category['category_id'] == $data['category_id']) {]]></search>
			<add position="replace" error="skip"><![CDATA[if ($category['category_id'] > 0) {]]></add>
		</operation>
		<operation>
			<search><![CDATA[$data['categories'] = array();]]></search>
			<add position="replace" error="skip"><![CDATA[
			$cache_name = 'category.module.'.(int)$this->config->get('config_language_id').'.'.(int)$this->config->get('config_store_id');
			$data['categories'] = $this->cache->get($cache_name);
			if(!$data['categories']) {
			]]></add>
		</operation>
		<operation>
			<search><![CDATA[return $this->load->view]]></search>
			<add position="before" error="skip"><![CDATA[
				$this->cache->set($cache_name, $data['categories']);
			}
			]]></add>
		</operation>
	</file>
	<file path="catalog/controller/extension/module/filter.php">	
		<operation>
			<search><![CDATA[public function index() {]]></search>
			<add position="after" error="skip"><![CDATA[
			$this->load->language('extension/module/uni_othertext');
			$uniset = $this->config->get('config_unishop2');
			$data['ajax_filter'] = isset($uniset['ajax_filter']) ? true : false;
			]]></add>
		</operation>
	</file>
	<file path="catalog/controller/product/category.php">
		<operation>
			<search><![CDATA[$data['categories'][] = array(]]></search>
			<add position="after" error="skip"><![CDATA[
			'thumb' => $this->model_tool_image->resize(($result['image'] == '' ? 'no_image.jpg' : $result['image']), $this->config->get('theme_'.$this->config->get('config_theme').'_image_category_width'), $this->config->get('theme_'.$this->config->get('config_theme').'_image_category_height')),
			]]></add>
		</operation>
		<operation>
			<search><![CDATA[$data['categories'] = array();]]></search>
			<add position="before" error="skip"><![CDATA[
			if(isset($page) && $page == 1 && $this->config->get('module_uni_banner_in_category_status')) {
				$data['uni_banner_in_category'] = $this->load->controller('extension/module/uni_new_data', ['type' => 'category', 'category_id' => $category_id]);
			} else {
				$data['uni_banner_in_category'] = [];
			}
			]]></add>
		</operation>
	</file>
	<file path="catalog/controller/product/manufacturer.php">
		<operation>
			<search><![CDATA[public function info]]></search>
			<add position="after" offset="1" error="skip"><![CDATA[
			$uniset = $this->config->get('config_unishop2');
			$lang_id = $this->config->get('config_language_id');
			
			$new_data = $this->load->controller('extension/module/uni_new_data', ['type' => 'catalog']);
			$data = isset($data) ? array_merge($data, $new_data) : $new_data;
			
			$currency = $this->session->data['currency'];
			$this->load->model('extension/module/uni_new_data');
			]]></add>
		</operation>
	</file>
	<file path="catalog/controller/product/search.php">
		<operation>
			<search><![CDATA[$product_total =]]></search>
			<add position="before" error="skip"><![CDATA[
			if(isset($uniset['search']['enabled'])) {
				$this->load->model('extension/module/uni_search');
				$data = array_merge($data, $this->load->controller('extension/module/uni_new_data', ['type' => 'search', 'filter_data' => $filter_data]));
			} else {
				$data['categories_search'] = $data['manufacturers_search'] = [];
				$data['uni_search'] = false;
			}
			]]></add>
		</operation>
		<operation>
			<search><![CDATA[model_catalog_product]]></search>
			<add position="replace" error="skip"><![CDATA[{isset($uniset['search']['enabled']) ? 'model_extension_module_uni_search' : 'model_catalog_product'}]]></add>
		</operation>
	</file>
	<file path="catalog/controller/product/{category,product,search,special,manufacturer}.php">
		<operation>
			<search><![CDATA[$limit = $this->config->get('theme_' . $this->config->get('config_theme') . '_product_limit');]]></search>
			<add position="after" error="skip"><![CDATA[
			if(isset($uniset['catalog']['limit']['status'])) {
				$new_limit = explode(',', $uniset['catalog']['limit']['value']);
	
				$limit = $new_limit[0] ? (int)$new_limit[0] : $limit;
			}
			]]></add>
		</operation>
		<operation>
			<search><![CDATA[sort($limits);]]></search>
			<add position="before" error="skip"><![CDATA[
			if(isset($uniset['catalog']['limit']['status'])) {
				$new_limits = array_unique(explode(',', $uniset['catalog']['limit']['value']));

				$limits = $new_limits ? $new_limits : $limits;
			}
			]]></add>
		</operation>
		<operation>
			<search><![CDATA['&limit=' . $value)]]></search>
			<add position="replace" error="skip"><![CDATA['&limit=' . (int)$value)]]></add>
		</operation>
	</file>
	<file path="catalog/controller/{product,extension/module,blog}/{category,product,search,special,manufacturer,latest,featured,bestseller,random,popular,article}.php">
		<operation>
			<search><![CDATA[public function index]]></search>
			<add position="after" offset="1" error="skip"><![CDATA[
			$uniset = $this->config->get('config_unishop2');
			$lang_id = $this->config->get('config_language_id');
			
			if(isset($uniset['show_heading_in_admin']) && isset($setting['name'])) { 
				$data['heading_title'] = $setting['name'];
			}
			
			$module_type_view = isset($uniset['module_type_view']) ? $uniset['module_type_view'] : [];
			$data['type_view'] = isset($setting['name']) && in_array($setting['name'], $module_type_view) ? 'grid' : 'carousel';
			
			$new_data = $this->load->controller('extension/module/uni_new_data', ['type' => 'catalog']);
			$data = isset($data) ? array_merge($data, $new_data) : $new_data;
			
			$currency = $this->session->data['currency'];
			$this->load->model('extension/module/uni_new_data');
			]]></add>
		</operation>
		<operation>
			<search><![CDATA[$data['products'][] = array(]]></search>
			<add position="before" error="skip"><![CDATA[
			$setting = isset($setting) ? $setting : '';
			$result = isset($product_info) && $setting ? $product_info : $result;
			$new_data = $this->model_extension_module_uni_new_data->getNewData($result, $setting);
			$show_description = isset($uniset['show_description']) && !isset($uniset['show_description_alt']) || isset($uniset['show_description_alt']) && !$new_data['attributes'] ? true : false;
			
			if($new_data['special_date_end']) {
				$data['show_timer'] = true;
			}
			
			if($result['quantity'] > 0) {
				$show_quantity = isset($uniset['show_quantity_cat']) ? true : false;
				$cart_btn_icon = $uniset[$lang_id]['cart_btn_icon'];
				$cart_btn_text = $uniset[$lang_id]['cart_btn_text'];
				$cart_btn_class = '';
				$quick_order = isset($uniset['show_quick_order']) ? true : false;
			} else {
				$show_quantity = isset($uniset['show_quantity_cat_all']) ? true : false;
				$cart_btn_icon = $uniset[$lang_id]['cart_btn_icon_disabled'];
				$cart_btn_text = $uniset[$lang_id]['cart_btn_text_disabled'];
				$cart_btn_class = $uniset['cart_btn_disabled'];
				$quick_order = isset($uniset['show_quick_order_quantity']) ? true : false;
			}
			]]></add>
		</operation>
		<operation>
			<search><![CDATA[$data['products'][] = array(]]></search>
			<add position="after" error="skip"><![CDATA[
			'additional_image'	=> $new_data['additional_image'],
			'num_reviews' 		=> isset($uniset['show_rating_count']) ? $result['reviews'] : '',
			'special_date_end' 	=> $new_data['special_date_end'],
			'minimum' 			=> $result['minimum'] ? $result['minimum'] : 1,
			'quantity_indicator'=> $new_data['quantity_indicator'],
			'stickers' 			=> $new_data['stickers'],
			'price_value' 		=> $this->tax->calculate($result['price'], $result['tax_class_id'], $this->config->get('config_tax'))*$this->currency->getValue($currency),
			'special_value' 	=> $this->tax->calculate($result['special'], $result['tax_class_id'], $this->config->get('config_tax'))*$this->currency->getValue($currency),
			'discounts'			=> $new_data['discounts'],
			'attributes' 		=> $new_data['attributes'],
			'options'			=> $new_data['options'],
			'show_description'	=> $show_description,
			'show_quantity'		=> $show_quantity,
			'cart_btn_icon'		=> $cart_btn_icon,
			'cart_btn_text'		=> $cart_btn_text,
			'cart_btn_class'	=> $cart_btn_class,
			'quick_order'		=> $quick_order,
			]]></add>
		</operation>
	</file>
	<file path="catalog/controller/product/product.php">
		<operation error="skip">
			<search><![CDATA[$this->document->addScript('catalog/view/javascript/jquery/datetimepicker/]]></search>
			<add position="replace" error="skip"><![CDATA[//$this->document->addScript('catalog/view/javascript/jquery/datetimepicker/]]></add>
		</operation>
		<operation error="skip">
			<search><![CDATA[$this->document->addStyle('catalog/view/javascript/jquery/datetimepicker/]]></search>
			<add position="replace" error="skip"><![CDATA[//$this->document->addStyle('catalog/view/javascript/jquery/datetimepicker/]]></add>
		</operation>
		<operation error="skip">
			<search><![CDATA[image_popup_height')),]]></search>
			<add position="after" error="skip"><![CDATA[
			'small' => $this->model_tool_image->resize($result['image'], $this->config->get('theme_'.$this->config->get('config_theme') . '_image_thumb_width'), $this->config->get('theme_'.$this->config->get('config_theme') . '_image_thumb_height')),
			]]></add>
		</operation>	
		<operation error="skip">
			<search><![CDATA[$data['images'] = array();]]></search>
			<add position="before" error="skip"><![CDATA[
			$data['small'] = $this->model_tool_image->resize($product_info['image'] ? $product_info['image'] : 'no_image.jpg', $this->config->get('theme_'.$this->config->get('config_theme').'_image_additional_width'), $this->config->get('theme_'.$this->config->get('config_theme') . '_image_additional_height'));
			]]></add>
		</operation>
		<operation error="skip">
			<search><![CDATA[$this->model_tool_image->resize($option_value['image'], 50, 50),]]></search>
			<add position="replace" error="skip"><![CDATA[$option_value['image'] ? $this->model_tool_image->resize($option_value['image'], $this->config->get('theme_'.$this->config->get('config_theme').'_image_thumb_width')/2, $this->config->get('theme_'.$this->config->get('config_theme').'_image_thumb_height')/2) : '',]]></add>
		</operation>
		<operation error="skip">
			<search><![CDATA['price'                   => $price,]]></search>
			<add position="before" error="skip"><![CDATA[
			'small' => $this->model_tool_image->resize($option_value['image'], $this->config->get('theme_'.$this->config->get('config_theme').'_image_thumb_width'), $this->config->get('theme_'.$this->config->get('config_theme') . '_image_thumb_height')),
			'full' => $this->model_tool_image->resize($option_value['image'], $this->config->get('theme_'.$this->config->get('config_theme').'_image_popup_width'), $this->config->get('theme_'.$this->config->get('config_theme') . '_image_popup_height')),
			'price_value' => $this->tax->calculate($option_value['price'], $product_info['tax_class_id'], $this->config->get('config_tax'))*$this->currency->getValue($currency),$option_value['price'],
			]]></add>
		</operation>
		<operation error="skip">
			<search><![CDATA[$this->request->get['product_id']) as $option) {]]></search>
			<add position="before" error="skip"><![CDATA[
			$o_quantity = 0;
			$required = false;
			]]></add>
		</operation>
		<operation error="skip">
			<search><![CDATA[$this->request->get['product_id']) as $option) {]]></search>
			<add position="after" error="skip"><![CDATA[			
			if($option['required'] && ($option['type'] == 'select' || $option['type'] == 'radio' || $option['type'] == 'checkbox')) {
				$o_quantity = 0;
				$required = true;
			}
			]]></add>
		</operation>
		<operation error="skip">
			<search><![CDATA[$data['options'][] = array(]]></search>
			<add position="before" offset="2" error="skip"><![CDATA[
			$o_quantity = $o_quantity + $option_value['quantity'];
			]]></add>
		</operation>
		<operation error="skip">
			<search><![CDATA[$data['options'][] = array(]]></search>
			<add position="before" offset="1" error="skip"><![CDATA[
			if($option['required']) {
				$o_quantity_arr[] = $o_quantity;
			}
			]]></add>
		</operation>
		<operation error="skip">
			<search><![CDATA[if ($product_info['minimum']) {]]></search>
			<add position="before" error="skip"><![CDATA[
			$product_info['options'] = $data['options'] ? true : false;
			$product_info['options_quantity'] = $required ? min($o_quantity_arr) : $product_info['quantity'] + $o_quantity;
			$product_info['category_name'] = isset($category_info['name']) ? $category_info['name'] : '';
			$product_info['type'] = 'product';
			
			$data = array_merge($data, $this->load->controller('extension/module/uni_new_data', $product_info));
			]]></add>
		</operation>
		<operation>
			<search><![CDATA[public function review() {]]></search>
			<add position="after" error="skip"><![CDATA[
			$this->load->language('extension/module/uni_othertext');
			$this->load->language('extension/module/uni_request');
			$this->load->language('product/product');
			$uniset = $this->config->get('config_unishop2');
			$data['show_plus_minus_review'] = isset($uniset['show_plus_minus_review']) ? $uniset['show_plus_minus_review'] : '';
			]]></add>
		</operation>
		<operation>
			<search><![CDATA['text'       => nl2br($result['text']),]]></search>
			<add position="after"><![CDATA[
			'plus'      	=> nl2br($result['plus']),
			'minus'       	=> nl2br($result['minus']),
			'admin_reply'	=> nl2br($result['admin_reply']),]]></add>
		</operation>
		<operation>
			<search><![CDATA[if ((utf8_strlen($this->request->post['text']) < 25)]]></search>
			<add position="before"><![CDATA[
			$this->load->language('extension/module/uni_othertext');
			$uniset = $this->config->get('config_unishop2');
			
			if(isset($uniset['show_plus_minus_review']) && isset($uniset['plus_minus_review_required'])) {
				if ((utf8_strlen($this->request->post['plus']) < 3) || (utf8_strlen($this->request->post['plus']) > 1000)) {
					$json['error'] = $this->language->get('error_plus');
				}
				if ((utf8_strlen($this->request->post['minus']) < 3) || (utf8_strlen($this->request->post['minus']) > 1000)) {
					$json['error'] = $this->language->get('error_minus');
				}
			}
			]]></add>
		</operation>
	</file>
	<file path="catalog/controller/extension/module/{blog_latest,blog_featured}.php">
		<operation error="skip">
			<search><![CDATA[public function index() {]]></search>
			<add position="after" error="skip"><![CDATA[
			$this->document->addStyle('catalog/view/theme/unishop2/stylesheet/blog.css');
			]]></add>
		</operation>
	</file>
	<file path="catalog/controller/blog/*.php">
		<operation error="skip">
			<search><![CDATA[public function index() {]]></search>
			<add position="after" error="skip"><![CDATA[
			$this->document->addStyle('catalog/view/theme/unishop2/stylesheet/blog.css');
			]]></add>
		</operation>
		<operation error="skip">
			<search><![CDATA[$this->document->addScript('catalog/view/javascript/jquery/datetimepicker/moment.js');]]></search>
			<add position="replace" error="skip"><![CDATA[
			$this->document->addScript('catalog/view/javascript/jquery/datetimepicker/moment/moment.min.js');
			$this->document->addScript('catalog/view/javascript/jquery/datetimepicker/moment/moment-with-locales.min.js');
			]]></add>
		</operation>
	</file>
	<file path="catalog/controller/product/compare.php">
		<operation error="skip">
			<search><![CDATA[$data['products'][$product_id] = array(]]></search>
			<add position="before" error="skip"><![CDATA[
			$uniset = $this->config->get('config_unishop2');
			$lang_id = $this->config->get('config_language_id');
			]]></add>
		</operation>
		<operation error="skip">
			<search><![CDATA[$product_info['manufacturer'],]]></search>
			<add position="after" error="skip"><![CDATA[
			'quantity' 			=> $product_info['quantity'],
			'cart_btn_icon'		=> $product_info['quantity'] > 0 ? $uniset[$lang_id]['cart_btn_icon'] : $uniset[$lang_id]['cart_btn_icon_disabled'],
			'cart_btn_text'		=> $product_info['quantity'] > 0 ? $uniset[$lang_id]['cart_btn_text'] : $uniset[$lang_id]['cart_btn_text_disabled'],
			'cart_btn_class'	=> $product_info['quantity'] <= 0 ? $uniset['cart_btn_disabled'] : '',
			]]></add>
		</operation>
	</file>
	<file path="catalog/controller/mail/register.php">
		<operation error="skip">
			<search><![CDATA[$data['login']]]></search>
			<add position="before" error="skip"><![CDATA[
			$this->load->language('extension/module/uni_othertext');
			
			if(isset($this->session->data['uni_add_customer'])) {
				$data['text_user_login'] = $this->session->data['uni_add_customer']['email'];
				$data['text_user_password'] = $this->session->data['uni_add_customer']['password'];
			} else {
				$data['text_user_login'] = '';
				$data['text_user_password'] = '';
			}
			
			if(isset($this->session->data['uni_subscribe_text'])) {
				$data['text_subscribe'] = $this->session->data['uni_subscribe_text'];
			} else {
				$data['text_subscribe'] = '';
			}
			]]></add>
		</operation>
	</file>
	<file path="catalog/model/design/layout.php">
		<operation>
			<search><![CDATA[return $query->rows;]]></search>
			<add position="before" error="skip"><![CDATA[
			$uniset = $this->config->get('config_unishop2');
			
			$home_banners_layouts = isset($uniset['home_banners_layout']) ? explode(',', $uniset['home_banners_layout']) : [1];
			
			if(isset($uniset['home_banners_position']) && $uniset['home_banners_position'] == $position && in_array($layout_id, $home_banners_layouts)) {
				$query->rows[] = array(
					'layout_module_id'	=> 99999999,
					'layout_id'			=> $layout_id,
					'code' 				=> 'uni_home_banner',
					'position' 			=> $uniset['home_banners_position'],
					'sort_order'		=> $uniset['home_banners_position_n']
				);
				
				$this->config->set('module_uni_home_banner_status', 1);
				
				foreach ($query->rows as $key => $value) {
					$sort[$key] = $value['sort_order'];
				}
			
				array_multisort($sort, SORT_ASC, $query->rows);
			}
			]]></add>
		</operation>
	</file>
	<file path="catalog/model/catalog/product.php">
		<operation>
			<search><![CDATA[if (isset($data['sort']) && in_array($data['sort'], $sort_data)) {]]></search>
			<add position="before" error="skip"><![CDATA[
				$uniset = $this->config->get('config_unishop2');
				$sort_qty = '';
				
				if($uniset['sort_qty'] == 1){
					if(isset($data['sort']) && $data['sort'] == 'p.sort_order') {
						$sort_qty = '(p.quantity > 0) DESC,';
					}
				} elseif($uniset['sort_qty'] == 2) {
					$sort_qty = '(p.quantity > 0) DESC,';
				}
			]]></add>
		</operation>
		<operation>
			<search><![CDATA[$sql .= " ORDER BY]]></search>
			<add position="replace" error="skip"><![CDATA[$sql .= " ORDER BY ".$sort_qty."]]></add>
		</operation>
	</file>
	<file path="catalog/model/catalog/review.php">
		<operation>
			<search><![CDATA[, rating =]]></search>
			<add position="replace"><![CDATA[, plus = '".$this->db->escape(strip_tags($data['plus']))."', minus = '".$this->db->escape(strip_tags($data['minus']))."', admin_reply = '', rating =]]></add>
		</operation>
		<operation>
			<search><![CDATA[r.author, r.rating, r.text,]]></search>
			<add position="replace"><![CDATA[r.author, r.rating, r.text, r.plus, r.minus, r.admin_reply,]]></add>
		</operation>
		<operation>
			<search><![CDATA[$this->load->language('mail/review');]]></search>
			<add position="after"><![CDATA[$this->load->language('extension/module/uni_othertext');]]></add>
		</operation>
		<operation>
            <search><![CDATA[$message .= html_entity_decode($data['text'], ENT_QUOTES, 'UTF-8') . "\n\n";]]></search>
            <add position="after"><![CDATA[
			$message .= $data['plus'] ? $this->language->get('text_plus')."\n".html_entity_decode($data['plus'], ENT_QUOTES, 'UTF-8')."\n\n" : '';
			$message .= $data['minus'] ? $this->language->get('text_minus')."\n".html_entity_decode($data['minus'], ENT_QUOTES, 'UTF-8')."\n\n" : '';
			$message .= $this->config->get('config_secure') ? HTTPS_SERVER.'admin/index.php?route=catalog/review/edit&review_id='.$review_id : HTTP_SERVER.'admin/index.php?route=catalog/review/edit&review_id='.$review_id;
			]]></add>
        </operation>
	</file>
	<file path="catalog/controller/startup/startup.php">
		<operation error="skip">
			<search><![CDATA[$this->registry->set('encryption']]></search>
			<add position="after" offset="0" error="skip"><![CDATA[
			$this->load->model('extension/module/uni_settings');
			$this->model_extension_module_uni_settings->getSetting();
			]]></add>
		</operation>
	</file>
	<file path="catalog/controller/event/theme.php">
		<operation error="skip">
			<search><![CDATA[$twig = new]]></search>
			<add position="before" error="skip"><![CDATA[
			$config['auto_reload'] = true;
			]]></add>
		</operation>
	</file>
	<file path="system/library/template/twig.php">
		<operation error="skip">
			<search><![CDATA[$this->twig = new]]></search>
			<add position="before" error="skip"><![CDATA[
			$config['auto_reload'] = true;
			]]></add>
		</operation>
	</file>
	
	<!-- news for seopro -->
	
	<file path="catalog/controller/startup/seo_url.php">
		<operation error="skip">
			<search><![CDATA[if ($url[0] == 'information_id') {]]></search>
			<add position="before"><![CDATA[
			if ($url[0] == 'news_id') {
				$this->request->get['news_id'] = $url[1];
			}
			
			if ($url[0] == 'news_category_id') {
				if (!isset($this->request->get['news_path'])) {
					$this->request->get['news_path'] = $url[1];
				} else {
					$this->request->get['news_path'] .= '_' . $url[1];
				}
			}
			]]></add>
		</operation>
		<operation error="skip">
			<search><![CDATA[$url[0] != 'information_id']]></search>
			<add position="replace"><![CDATA[$url[0] != 'news_id' && $url[0] != 'news_category_id' && $url[0] != 'information_id']]></add>
		</operation>
		<operation error="skip">
			<search><![CDATA[} elseif (isset($this->request->get['information_id'])) {]]></search>
			<add position="before"><![CDATA[
			} elseif (isset($this->request->get['news_id'])) {
				$this->request->get['route'] = 'information/uni_news_story';
			} elseif (isset($this->request->get['news_path'])) {
				$this->request->get['route'] = 'information/uni_news';
			]]></add>
		</operation>
		<operation error="skip">
			<search><![CDATA[($data['route'] == 'information/information' && $key == 'information_id')]]></search>
			<add position="replace"><![CDATA[($data['route'] == 'information/information' && $key == 'information_id') || ($data['route'] == 'information/uni_news_story' && $key == 'news_id')]]></add>
		</operation>
		<operation error="skip">
			<search><![CDATA[} elseif ($key == 'path') {]]></search>
			<add position="before"><![CDATA[
			} elseif ($key == 'news_path') {
				$categories = explode('_', $value);

				foreach ($categories as $category) {
					$query = $this->db->query("SELECT * FROM `".DB_PREFIX."seo_url` WHERE `query` = 'news_category_id=".(int)$category."' AND store_id = '".(int)$this->config->get('config_store_id')."' AND language_id = '".(int)$this->config->get('config_language_id')."'");

					if ($query->num_rows && $query->row['keyword']) {
						$url .= '/' . $query->row['keyword'];
					} else {
						$url = '';

						break;
					}
				}

				unset($data[$key]);
			]]></add>
		</operation>
    </file>
	<file path="system/library/seopro.php">
		<operation>
			<search><![CDATA['information_id',]]></search>
			<add position="replace" error="skip"><![CDATA['information_id', 'news_id',]]></add>
		</operation>
		<operation>
			<search><![CDATA[} elseif (count($url) > 1) {]]></search>
			<add position="before" error="skip"><![CDATA[
			} elseif($url[0] == 'news_category_id'){
				if (!isset($this->request->get['news_path'])) {
					$this->request->get['news_path'] = $url[1];
				} else {
					$this->request->get['news_path'] .= '_' . $url[1];
				}]]></add>
		</operation>
		<operation>
			<search><![CDATA[$this->request->get['route'] = 'information/information';]]></search>
			<add position="after" offset="1" error="skip"><![CDATA[
			if(isset($this->request->get['news_id'])) {
				if(isset($this->request->get['news_path'])) {
					unset($this->request->get['news_path']);
				}
				
				$news_path = $this->getPathByUniNewsStory((int)$this->request->get['news_id']);
					
				if ($news_path) {
					$this->request->get['news_path'] = $news_path;
				}
			
				$this->request->get['route'] = 'information/uni_news_story';
				
			} elseif(isset($this->request->get['news_path'])){
				$this->request->get['route'] = 'information/uni_news';
			}
			]]></add>
		</operation>
		<operation>
			<search><![CDATA[case 'path':]]></search>
			<add position="before" error="skip"><![CDATA[
			case 'news_path':
				$news_categories = explode('_', $value);
				foreach ($news_categories as $news_category_id) {
					$queries[] = 'news_category_id='.(int)$news_category_id;
				}
				unset($data[$key]);
				break;
					
			case 'news_id':
				$news_id = (int)$value;
				$queries[] = 'news_id='.(int)$news_id;
				$postfix = true;
				unset($data[$key]);
				break;
			]]></add>
		</operation>
		<operation>
			<search><![CDATA[case 'product/category':]]></search>
			<add position="before" error="skip"><![CDATA[
			case 'information/uni_news_story':
				if (isset($data['news_id'])) {
					$news_id = (int)$data['news_id'];
					
					unset($data);
					
					if ($this->config->get('config_seo_url_include_path')) {
						$data['news_path'] = $this->getPathByUniNewsStory($news_id);
					}	
					
					$data['news_id'] = $news_id;
				}
				break;
				
			case 'information/uni_news':
				if (isset($data['news_path'])) {
					$category = explode('_', $data['news_path']);
					$category = end($category);
					$data['news_path'] = $this->getPathByUniNewsCategory($category);
				}
				break;
			]]></add>
		</operation>
		<operation>
			<search><![CDATA[private function getPathByCategory]]></search>
			<add position="before" error="skip"><![CDATA[
			private function getPathByUniNewsStory($news_id) {
				$news_id = (int)$news_id;
			
				if ($news_id < 1) return false;
				
				$cache_name = 'seopro.unishop.news.story';
		
				$path = $this->config->get('config_seo_url_cache') ? $this->cache->get($cache_name) : [];
		
				if (!isset($path[$news_id])) {
					$query = $this->db->query("SELECT category_id FROM `".DB_PREFIX."uni_news_story_to_category` WHERE news_id = '".$news_id."' ORDER BY category_id DESC LIMIT 1");
					$path[$news_id] = $this->getPathByUniNewsCategory($query->num_rows ? (int)$query->row['category_id'] : 0);
			
					if($this->config->get('config_seo_url_cache')) {
						$this->cache->set($cache_name, $path);
					}
				}
		
				return $path[$news_id];
			}

			private function getPathByUniNewsCategory($category_id) {
				$category_id = (int)$category_id;
				
				if($category_id < 1) return false;
				
				$cache_name = 'seopro.unishop.news.category';
		
				$path = $this->config->get('config_seo_url_cache') ? $this->cache->get($cache_name) : [];
				
				if (!isset($path[$category_id])) {			
					$level = 10;

					$sql = "SELECT CONCAT_WS('_'";
				
					for ($i = $level-1; $i >= 0; --$i) {
						$sql .= ",t$i.category_id";
					}
				
					$sql .= ") AS path FROM `".DB_PREFIX."uni_news_category` t0";
				
					for ($i = 1; $i < $level; ++$i) {
						$sql .= " LEFT JOIN `".DB_PREFIX."uni_news_category` t$i ON (t$i.category_id = t".($i-1).".parent_id)";
					}
				
					$sql .= " WHERE t0.category_id = '".$category_id."'";

					$query = $this->db->query($sql);				
					$path[$category_id] = $query->num_rows ? $query->row['path'] : false;
			
					if($this->config->get('config_seo_url_cache')) {
						$this->cache->set($cache_name, $path);
					}
				}
		
				return $path[$category_id];
			}
			]]></add>
		</operation>
    </file>
	
	<!-- for admin panel -->
	
	<file path="admin/controller/common/column_left.php">
		<operation>
			<search><![CDATA[$catalog = array();]]></search>
			<add position="before" error="skip"><![CDATA[
			$this->load->language('extension/module/uni_settings');
			
			$unishop = array();
			
			if ($this->user->hasPermission('access', 'extension/module/uni_settings')) {		
				$unishop[] = array(
					'name'	   => $this->language->get('text_unishop_settings'),
					'href'     => $this->url->link('extension/module/uni_settings', 'user_token=' . $this->session->data['user_token'], true),
					'children' => array()		
				);					
			}
			
			if ($this->user->hasPermission('access', 'extension/module/uni_news')) {
				$unishop_news = array();
								
				$unishop_news[] = array(
					'name'	   => $this->language->get('text_news_new'),
					'href'     => $this->url->link('extension/module/uni_news/insert', 'user_token='.$this->session->data['user_token'], true),
					'children' => array()		
				);
			
				$unishop_news[] = array(
					'name'	   => $this->language->get('text_news_all'),
					'href'     => $this->url->link('extension/module/uni_news/listing', 'user_token='.$this->session->data['user_token'], true),
					'children' => array()		
				);
				
				$unishop_news[] = array(
					'name'	   => $this->language->get('text_news_cat'),
					'href'     => $this->url->link('extension/module/uni_news/category_list', 'user_token='.$this->session->data['user_token'], true),
					'children' => array()		
				);
				
				$unishop_news[] = array(
					'name'	   => $this->language->get('text_news_setting'),
					'href'     => $this->url->link('extension/module/uni_news/setting', 'user_token='.$this->session->data['user_token'], true),
					'children' => array()		
				);
			
				if ($unishop_news) {
					$unishop[] = array(
						'name'	   => $this->language->get('text_news'),
						'href'     => '',
						'children' => $unishop_news		
					);	
				}
			}
			
			if ($this->config->get('uni_request') && $this->user->hasPermission('access', 'extension/module/uni_request')) {
				$this->load->language('extension/module/uni_request');
				
				$this->load->model('extension/module/uni_request');
				$this->load->controller('extension/module/uni_request/install');
				$this->load->controller('extension/module/uni_request/check');
			
				$unishop_request = array();
			
				$unishop_request[] = array(
					'name'	   => $this->language->get('text_status_1').' ('.$this->model_extension_module_uni_request->getNewRequests().')',
					'href'     => $this->url->link('extension/module/uni_request&filter_status=1', 'user_token=' . $this->session->data['user_token'], true),
					'children' => array()		
				);
			
				$unishop_request[] = array(
					'name'	   => $this->language->get('text_status_2').' ('.$this->model_extension_module_uni_request->getProcessingRequests().')',
					'href'     => $this->url->link('extension/module/uni_request&filter_status=2', 'user_token=' . $this->session->data['user_token'], true),
					'children' => array()		
				);
			
				$unishop_request[] = array(
					'name'	   => $this->language->get('text_total_requests').' ('.$this->model_extension_module_uni_request->getTotalRequests().')',
					'href'     => $this->url->link('extension/module/uni_request', 'user_token=' . $this->session->data['user_token'], true),
					'children' => array()		
				);
				
				$unishop_request[] = array(
					'name'	   => $this->language->get('text_requests_setting'),
					'href'     => $this->url->link('extension/module/uni_request/setting', 'user_token=' . $this->session->data['user_token'], true),
					'children' => array()		
				);
			
				if ($unishop_request) {
					$unishop[] = array(
						'name'	   => $this->language->get('text_requests'),
						'href'     => '',
						'children' => $unishop_request
					);
				}
			}
			
			if ($unishop) {
				$data['menus'][] = array(
					'id'       => 'menu-unishop',
					'icon'	   => 'fa-cogs', 
					'name'	   => $this->language->get('text_unishop'),
					'href'     => '',
					'children' => $unishop
				);		
			}
			]]></add>
		</operation>
	</file>
	<file path="admin/model/catalog/review.php">
		<operation>
			<search><![CDATA[public function addReview($data) {]]></search>
			<add position="before"><![CDATA[
			public function checkAdminReply() {
				$plus = $this->db->query("show columns FROM ".DB_PREFIX."review WHERE Field = 'plus'");
				if (!$plus->num_rows) { 
					$this->db->query("ALTER TABLE `".DB_PREFIX."review` ADD `plus` TEXT CHARACTER SET utf8 COLLATE utf8_general_ci NOT NULL DEFAULT '' AFTER `text`");
				} 
				
				$minus = $this->db->query("show columns FROM ".DB_PREFIX."review WHERE Field = 'minus'");
				if (!$minus->num_rows) { 
					$this->db->query("ALTER TABLE `".DB_PREFIX."review` ADD `minus` TEXT CHARACTER SET utf8 COLLATE utf8_general_ci NOT NULL DEFAULT '' AFTER `text`");
				} 
				
				$admin_reply = $this->db->query("show columns FROM ".DB_PREFIX."review WHERE Field = 'admin_reply'");
				if (!$admin_reply->num_rows) { 
					$this->db->query("ALTER TABLE `".DB_PREFIX."review` ADD `admin_reply` TEXT CHARACTER SET utf8 COLLATE utf8_general_ci NOT NULL DEFAULT '' AFTER `text`");
				}
			}
			]]></add>
		</operation>
		<operation>
			<search><![CDATA[, rating =]]></search>
			<add position="replace"><![CDATA[, plus = '".$this->db->escape(strip_tags($data['plus']))."', minus = '".$this->db->escape(strip_tags($data['minus']))."', admin_reply = '".$this->db->escape(strip_tags($data['admin_reply']))."', rating =]]></add>
		</operation>
	</file>
	<file path="admin/controller/catalog/review.php">
		<operation>
			<search><![CDATA[public function index() {]]></search>
			<add position="after"><![CDATA[
			$this->load->model('catalog/review');
			$this->model_catalog_review->checkAdminReply();
			]]></add>
		</operation>
		<operation>
			<search><![CDATA[if (isset($this->request->post['rating'])) {]]></search>
			<add position="before"><![CDATA[
			if (isset($this->request->post['plus'])) {
				$data['plus'] = $this->request->post['plus'];
			} elseif (!empty($review_info)) {
				$data['plus'] = $review_info['plus'];
			} else {
				$data['plus'] = '';
			}
			if (isset($this->request->post['minus'])) {
				$data['minus'] = $this->request->post['minus'];
			} elseif (!empty($review_info)) {
				$data['minus'] = $review_info['minus'];
			} else {
				$data['minus'] = '';
			}
			if (isset($this->request->post['admin_reply'])) {
				$data['admin_reply'] = $this->request->post['admin_reply'];
			} elseif (!empty($review_info)) {
				$data['admin_reply'] = $review_info['admin_reply'];
			} else {
				$data['admin_reply'] = '';
			}
			]]></add>
		</operation>
	</file>
	<file path="admin/language/*/catalog/review.php">
		<operation>
			<search><![CDATA[// Heading]]></search>
			<add position="after"><![CDATA[
			$_['entry_plus']   		= 'Достоинства:';
			$_['entry_minus']  		= 'Недостатки:';
			$_['entry_admin_reply'] = 'Ответ:';
			]]></add>
		</operation>
	</file>
	<file path="admin/view/template/catalog/review_form.twig">
		<operation>
			<search><![CDATA[<label class="col-sm-2 control-label" for="input-text">]]></search>
			<add position="before" offset="1"><![CDATA[
			<div class="form-group required">
				<label class="col-sm-2 control-label" for="input-plus">{{entry_plus}}</label>
				<div class="col-sm-10">
					<textarea name="plus" cols="60" rows="8" placeholder="{{entry_plus}}" id="input-text" class="form-control">{{plus}}</textarea>
				</div>
			</div>
			<div class="form-group required">
				<label class="col-sm-2 control-label" for="input-minus">{{entry_minus}}</label>
				<div class="col-sm-10">
					<textarea name="minus" cols="60" rows="8" placeholder="{{entry_minus}}" id="input-text" class="form-control">{{minus}}</textarea>
				</div>
			</div>
			<div class="form-group required">
				<label class="col-sm-2 control-label" for="input-admin_reply">{{entry_admin_reply}}</label>
				<div class="col-sm-10">
					<textarea name="admin_reply" cols="60" rows="8" placeholder="{{entry_admin_reply}}" id="input-text" class="form-control">{{admin_reply}}</textarea>
				</div>
			</div>
			]]></add>
		</operation>
	</file>
	<file path="admin/controller/extension/extension/module.php">
		<operation>
			<search><![CDATA[$files = glob(DIR_APPLICATION . 'controller/extension/module/*.php');]]></search>
			<add position="after"><![CDATA[
			if(($key = array_search(DIR_APPLICATION.'controller/extension/module/uni_part1.php', $files)) !== FALSE){
				unset($files[$key]);
			}
			if(($key = array_search(DIR_APPLICATION.'controller/extension/module/uni_part2.php', $files)) !== FALSE){
				unset($files[$key]);
			}
			]]></add>
		</operation>
	</file>
</modification>